{
  "geo_lat": 8.961522776124948e+17,
  "geo_lon": 7.460011165998776e+17,
  "building_type": 4.529240012658442e+17,
  "level": 2.0826136193892352e+17,
  "levels": 1.1400034276572201e+18,
  "area": 1.5565599618519826e+19,
  "kitchen_area": 9.928650958801142e+17,
  "object_type": 7.169059049894707e+16,
  "year": 6.50502226976211e+17,
  "month": 1.9710819350203597e+17,
  "level_to_levels": 2.7422879818940416e+17,
  "area_to_rooms": 1.019210882843181e+18,
  "cafes_0.012": 8.010720312200724e+17,
  "cafes_0.08": 1.6955473300024525e+18
}